{"version": "1", "message": "ERROR: Hidden Testcases server unreachable.", "problem_id": "ads2_m6_a1_1", "user_id": "jgkr95", "score": {"sample": {"0": {"execution_time": 0.34125399589538574, "passed": false}, "1": {"execution_time": 0.3438689708709717, "passed": false}, "2": {"execution_time": 0.3373420238494873, "passed": false}, "3": {"execution_time": 0.34440183639526367, "passed": false}, "4": {"execution_time": 0.32948899269104004, "passed": false}, "5": {"execution_time": 0.33588314056396484, "passed": false}, "6": {"execution_time": 0.36234211921691895, "passed": true}, "7": {"execution_time": 0.3467540740966797, "passed": false}, "8": {"execution_time": 0.33275294303894043, "passed": true}, "9": {"execution_time": 0.3625328540802002, "passed": false}, "10": {"execution_time": 0.34436893463134766, "passed": true}, "11": {"execution_time": 0.3370358943939209, "passed": false}}}, "check_style_score": "0/1"}