{"version": "1", "message": "ERROR: Hidden Testcases server unreachable.", "problem_id": "ads2_m6_a1_1", "user_id": "jgkr95", "score": {"sample": {"0": {"execution_time": 0.3149147033691406, "passed": false}, "1": {"execution_time": 0.31874895095825195, "passed": false}, "2": {"execution_time": 0.3214123249053955, "passed": false}, "3": {"execution_time": 0.3389549255371094, "passed": false}, "4": {"execution_time": 0.33502197265625, "passed": false}, "5": {"execution_time": 0.3374760150909424, "passed": true}, "6": {"execution_time": 0.3103928565979004, "passed": true}, "7": {"execution_time": 0.3158872127532959, "passed": false}, "8": {"execution_time": 0.3200399875640869, "passed": true}, "9": {"execution_time": 0.3633229732513428, "passed": false}, "10": {"execution_time": 0.31920576095581055, "passed": true}, "11": {"execution_time": 0.3216381072998047, "passed": false}}}, "check_style_score": "0/1"}