{"version": "1", "message": "ERROR: Hidden Testcases server unreachable.", "problem_id": "ads2_m6_a1_1", "user_id": "jgkr95", "score": {"sample": {"0": {"execution_time": 0.3441741466522217, "passed": false}, "1": {"execution_time": 0.3385772705078125, "passed": false}, "2": {"execution_time": 0.33431506156921387, "passed": false}, "3": {"execution_time": 0.3476829528808594, "passed": false}, "4": {"execution_time": 0.33844709396362305, "passed": false}, "5": {"execution_time": 0.4426891803741455, "passed": false}, "6": {"execution_time": 0.3839988708496094, "passed": true}, "7": {"execution_time": 0.3431541919708252, "passed": false}, "8": {"execution_time": 0.3577589988708496, "passed": true}, "9": {"execution_time": 0.34882688522338867, "passed": false}, "10": {"execution_time": 0.35750603675842285, "passed": true}, "11": {"execution_time": 0.3850541114807129, "passed": false}}}, "check_style_score": "0/1"}