{"version": "1", "message": "ERROR: Hidden Testcases server unreachable.", "problem_id": "ads2_m6_a1_1", "user_id": "jgkr95", "score": {"sample": {"0": {"execution_time": 0.33008837699890137, "passed": false}, "1": {"execution_time": 0.3250141143798828, "passed": false}, "2": {"execution_time": 0.3594989776611328, "passed": false}, "3": {"execution_time": 0.3453938961029053, "passed": false}, "4": {"execution_time": 0.3464360237121582, "passed": false}, "5": {"execution_time": 0.335629940032959, "passed": false}, "6": {"execution_time": 0.3376588821411133, "passed": false}, "7": {"execution_time": 0.34527111053466797, "passed": false}, "8": {"execution_time": 0.32291197776794434, "passed": false}, "9": {"execution_time": 0.3306910991668701, "passed": false}, "10": {"execution_time": 0.3258860111236572, "passed": false}, "11": {"execution_time": 0.3478362560272217, "passed": false}}}, "check_style_score": "0/1"}