{"version": "1", "message": "ERROR: Hidden Testcases server unreachable.", "problem_id": "ads2_m6_a1_1", "user_id": "jgkr95", "score": {"sample": {"0": {"execution_time": 0.33550190925598145, "passed": false}, "1": {"execution_time": 0.3366880416870117, "passed": false}, "2": {"execution_time": 0.3366892337799072, "passed": false}, "3": {"execution_time": 0.33625197410583496, "passed": false}, "4": {"execution_time": 0.33201003074645996, "passed": false}, "5": {"execution_time": 0.34949207305908203, "passed": true}, "6": {"execution_time": 0.34165310859680176, "passed": true}, "7": {"execution_time": 0.3357219696044922, "passed": false}, "8": {"execution_time": 0.33490610122680664, "passed": true}, "9": {"execution_time": 0.3380250930786133, "passed": false}, "10": {"execution_time": 0.34159326553344727, "passed": true}, "11": {"execution_time": 0.3558499813079834, "passed": false}}}, "check_style_score": "0/1"}