{"version": "1", "message": "ERROR: Hidden Testcases server unreachable.", "problem_id": "ads2_m6_a1_1", "user_id": "jgkr95", "score": {"sample": {"0": {"execution_time": 0.39391112327575684, "passed": false}, "1": {"execution_time": 0.32071685791015625, "passed": false}, "2": {"execution_time": 0.32486581802368164, "passed": false}, "3": {"execution_time": 0.3231649398803711, "passed": false}, "4": {"execution_time": 0.32366108894348145, "passed": false}, "5": {"execution_time": 0.32749009132385254, "passed": false}, "6": {"execution_time": 0.3216087818145752, "passed": false}, "7": {"execution_time": 0.32770776748657227, "passed": false}, "8": {"execution_time": 0.3316919803619385, "passed": false}, "9": {"execution_time": 0.32608795166015625, "passed": false}, "10": {"execution_time": 0.32615208625793457, "passed": false}, "11": {"execution_time": 0.3295259475708008, "passed": false}}}, "check_style_score": "0/1"}