{"version": "1", "message": "ERROR: Hidden Testcases server unreachable.", "problem_id": "ads2_m6_a1_1", "user_id": "jgkr95", "score": {"sample": {"0": {"execution_time": 0.33753299713134766, "passed": false}, "1": {"execution_time": 0.3288869857788086, "passed": false}, "2": {"execution_time": 0.3581349849700928, "passed": false}, "3": {"execution_time": 0.34909486770629883, "passed": false}, "4": {"execution_time": 0.3341221809387207, "passed": false}, "5": {"execution_time": 0.3493010997772217, "passed": false}, "6": {"execution_time": 0.34389686584472656, "passed": false}, "7": {"execution_time": 0.33878016471862793, "passed": false}, "8": {"execution_time": 0.36493992805480957, "passed": false}, "9": {"execution_time": 0.3267199993133545, "passed": false}, "10": {"execution_time": 0.33558011054992676, "passed": false}, "11": {"execution_time": 0.3333570957183838, "passed": false}}}, "check_style_score": "0/1"}