{"version": "1", "message": "ERROR: Hidden Testcases server unreachable.", "problem_id": "ads2_m6_a1_1", "user_id": "jgkr95", "score": {"sample": {"0": {"execution_time": 0.3475830554962158, "passed": false}, "1": {"execution_time": 0.3390529155731201, "passed": false}, "2": {"execution_time": 0.356126070022583, "passed": false}, "3": {"execution_time": 0.35581421852111816, "passed": false}, "4": {"execution_time": 0.33016109466552734, "passed": false}, "5": {"execution_time": 0.3399038314819336, "passed": false}, "6": {"execution_time": 0.31940412521362305, "passed": true}, "7": {"execution_time": 0.32932615280151367, "passed": false}, "8": {"execution_time": 0.32714080810546875, "passed": true}, "9": {"execution_time": 0.3250010013580322, "passed": false}, "10": {"execution_time": 0.31882596015930176, "passed": true}, "11": {"execution_time": 0.32685303688049316, "passed": false}}}, "check_style_score": "0/1"}