{"version": "1", "message": "ERROR: Hidden Testcases server unreachable.", "problem_id": "ads2_m6_a1_1", "user_id": "jgkr95", "score": {"sample": {"0": {"execution_time": 0.3596069812774658, "passed": false}, "1": {"execution_time": 0.3342247009277344, "passed": false}, "2": {"execution_time": 0.3357419967651367, "passed": false}, "3": {"execution_time": 0.3408088684082031, "passed": false}, "4": {"execution_time": 0.3477458953857422, "passed": false}, "5": {"execution_time": 0.3505432605743408, "passed": false}, "6": {"execution_time": 0.3973071575164795, "passed": true}, "7": {"execution_time": 0.34362220764160156, "passed": false}, "8": {"execution_time": 0.3238799571990967, "passed": true}, "9": {"execution_time": 0.3759620189666748, "passed": false}, "10": {"execution_time": 0.33089590072631836, "passed": true}, "11": {"execution_time": 0.36837291717529297, "passed": false}}}, "check_style_score": "0/1"}