{"version": "1", "message": "ERROR: Hidden Testcases server unreachable.", "problem_id": "ads2_m6_a1_1", "user_id": "jgkr95", "score": {"sample": {"0": {"execution_time": 0.3281857967376709, "passed": false}, "1": {"execution_time": 0.3332040309906006, "passed": false}, "2": {"execution_time": 0.3351130485534668, "passed": false}, "3": {"execution_time": 0.3349483013153076, "passed": false}, "4": {"execution_time": 0.33448195457458496, "passed": false}, "5": {"execution_time": 0.3412661552429199, "passed": false}, "6": {"execution_time": 0.3329296112060547, "passed": true}, "7": {"execution_time": 0.35596394538879395, "passed": false}, "8": {"execution_time": 0.3230443000793457, "passed": true}, "9": {"execution_time": 0.3259098529815674, "passed": false}, "10": {"execution_time": 0.3332960605621338, "passed": false}, "11": {"execution_time": 0.35698580741882324, "passed": false}}}, "check_style_score": "0/1"}