{"version": "1", "message": "ERROR: Hidden Testcases server unreachable.", "problem_id": "ads2_m6_a1_1", "user_id": "jgkr95", "score": {"sample": {"0": {"execution_time": 0.32979631423950195, "passed": false}, "1": {"execution_time": 0.33496594429016113, "passed": false}, "2": {"execution_time": 0.3302650451660156, "passed": false}, "3": {"execution_time": 0.33451128005981445, "passed": false}, "4": {"execution_time": 0.33107900619506836, "passed": false}, "5": {"execution_time": 0.38977980613708496, "passed": false}, "6": {"execution_time": 0.3590059280395508, "passed": true}, "7": {"execution_time": 0.3356630802154541, "passed": false}, "8": {"execution_time": 0.3718278408050537, "passed": true}, "9": {"execution_time": 0.34430980682373047, "passed": false}, "10": {"execution_time": 0.32619214057922363, "passed": true}, "11": {"execution_time": 0.4189450740814209, "passed": false}}}, "check_style_score": "0/1"}