{"version": "1", "message": "ERROR: Hidden Testcases server unreachable.", "problem_id": "ads2_m6_a1_1", "user_id": "jgkr95", "score": {"sample": {"0": {"execution_time": 0.3407320976257324, "passed": false}, "1": {"execution_time": 0.33843994140625, "passed": false}, "2": {"execution_time": 0.34592676162719727, "passed": false}, "3": {"execution_time": 0.3439013957977295, "passed": false}, "4": {"execution_time": 0.3384079933166504, "passed": false}, "5": {"execution_time": 0.32508111000061035, "passed": false}, "6": {"execution_time": 0.3590810298919678, "passed": false}, "7": {"execution_time": 0.34222912788391113, "passed": false}, "8": {"execution_time": 0.38437819480895996, "passed": false}, "9": {"execution_time": 0.3477749824523926, "passed": false}, "10": {"execution_time": 0.33593297004699707, "passed": false}, "11": {"execution_time": 0.3365042209625244, "passed": false}}}, "check_style_score": "0/1"}