{"version": "1", "message": "ERROR: Hidden Testcases server unreachable.", "problem_id": "ads2_m6_a1_1", "user_id": "jgkr95", "score": {"sample": {"0": {"execution_time": 0.3437530994415283, "passed": false}, "1": {"execution_time": 0.3346381187438965, "passed": false}, "2": {"execution_time": 0.3301699161529541, "passed": false}, "3": {"execution_time": 0.34413599967956543, "passed": false}, "4": {"execution_time": 0.33481287956237793, "passed": false}, "5": {"execution_time": 0.3517451286315918, "passed": true}, "6": {"execution_time": 0.3304293155670166, "passed": true}, "7": {"execution_time": 0.32984495162963867, "passed": false}, "8": {"execution_time": 0.3278050422668457, "passed": true}, "9": {"execution_time": 0.35079193115234375, "passed": false}, "10": {"execution_time": 0.33609509468078613, "passed": true}, "11": {"execution_time": 0.33764100074768066, "passed": false}}}, "check_style_score": "0/1"}