{"version": "1", "message": "ERROR: Hidden Testcases server unreachable.", "problem_id": "ads2_m6_a1_1", "user_id": "jgkr95", "score": {"sample": {"0": {"execution_time": 0.4366946220397949, "passed": false}, "1": {"execution_time": 0.4348571300506592, "passed": false}, "2": {"execution_time": 0.4373190402984619, "passed": false}, "3": {"execution_time": 0.3311178684234619, "passed": false}, "4": {"execution_time": 0.3423430919647217, "passed": false}, "5": {"execution_time": 0.42689013481140137, "passed": true}, "6": {"execution_time": 0.45023012161254883, "passed": true}, "7": {"execution_time": 0.4343879222869873, "passed": false}, "8": {"execution_time": 0.3623039722442627, "passed": true}, "9": {"execution_time": 0.4050791263580322, "passed": false}, "10": {"execution_time": 0.4090292453765869, "passed": true}, "11": {"execution_time": 0.3319239616394043, "passed": false}}}, "check_style_score": "0/1"}