{"version": "1", "message": "ERROR: Hidden Testcases server unreachable.", "problem_id": "ads2_m6_a1_1", "user_id": "jgkr95", "score": {"sample": {"0": {"execution_time": 0.3351578712463379, "passed": false}, "1": {"execution_time": 0.33623313903808594, "passed": false}, "2": {"execution_time": 0.3295009136199951, "passed": false}, "3": {"execution_time": 0.3470289707183838, "passed": false}, "4": {"execution_time": 0.3294961452484131, "passed": false}, "5": {"execution_time": 0.33229994773864746, "passed": false}, "6": {"execution_time": 0.3298807144165039, "passed": true}, "7": {"execution_time": 0.33261609077453613, "passed": false}, "8": {"execution_time": 0.3217010498046875, "passed": true}, "9": {"execution_time": 0.3315310478210449, "passed": false}, "10": {"execution_time": 0.3213162422180176, "passed": true}, "11": {"execution_time": 0.3312070369720459, "passed": false}}}, "check_style_score": "0/1"}