{"version": "1", "message": "ERROR: Hidden Testcases server unreachable.", "problem_id": "ads2_m6_a1_1", "user_id": "jgkr95", "score": {"sample": {"0": {"execution_time": 0.3336050510406494, "passed": false}, "1": {"execution_time": 0.335968017578125, "passed": false}, "2": {"execution_time": 0.3580451011657715, "passed": false}, "3": {"execution_time": 0.3283059597015381, "passed": false}, "4": {"execution_time": 0.3236958980560303, "passed": false}, "5": {"execution_time": 0.3194849491119385, "passed": false}, "6": {"execution_time": 0.3166508674621582, "passed": true}, "7": {"execution_time": 0.326862096786499, "passed": false}, "8": {"execution_time": 0.3298659324645996, "passed": true}, "9": {"execution_time": 0.40042805671691895, "passed": false}, "10": {"execution_time": 0.3415539264678955, "passed": true}, "11": {"execution_time": 0.3308601379394531, "passed": false}}}, "check_style_score": "0/1"}