{"version": "1", "message": "ERROR: Hidden Testcases server unreachable.", "problem_id": "ads2_m6_a1_1", "user_id": "jgkr95", "score": {"sample": {"0": {"execution_time": 0.40592193603515625, "passed": false}, "1": {"execution_time": 0.31488895416259766, "passed": false}, "2": {"execution_time": 0.33388376235961914, "passed": false}, "3": {"execution_time": 0.3307662010192871, "passed": false}, "4": {"execution_time": 0.3334157466888428, "passed": false}, "5": {"execution_time": 0.3231179714202881, "passed": false}, "6": {"execution_time": 0.32427477836608887, "passed": true}, "7": {"execution_time": 0.3191099166870117, "passed": false}, "8": {"execution_time": 0.3345179557800293, "passed": true}, "9": {"execution_time": 0.3244607448577881, "passed": false}, "10": {"execution_time": 0.3198130130767822, "passed": true}, "11": {"execution_time": 0.3397660255432129, "passed": false}}}, "check_style_score": "0/1"}