{"version": "1", "message": "ERROR: Hidden Testcases server unreachable.", "problem_id": "ads2_m6_a1_1", "user_id": "jgkr95", "score": {"sample": {"0": {"execution_time": 0.3377220630645752, "passed": false}, "1": {"execution_time": 0.33364295959472656, "passed": false}, "2": {"execution_time": 0.33559298515319824, "passed": false}, "3": {"execution_time": 0.3398728370666504, "passed": false}, "4": {"execution_time": 0.3334031105041504, "passed": false}, "5": {"execution_time": 0.33499622344970703, "passed": false}, "6": {"execution_time": 0.386059045791626, "passed": true}, "7": {"execution_time": 0.3328571319580078, "passed": false}, "8": {"execution_time": 0.33420515060424805, "passed": true}, "9": {"execution_time": 0.3468739986419678, "passed": false}, "10": {"execution_time": 0.3442246913909912, "passed": true}, "11": {"execution_time": 0.3364119529724121, "passed": false}}}, "check_style_score": "0/1"}