{"version": "1", "message": "ERROR: Hidden Testcases server unreachable.", "problem_id": "ads2_m2_a1_1", "user_id": "jgkr95", "score": {"sample": {"0": {"execution_time": 0.2655360698699951, "passed": false}, "1": {"execution_time": 0.24350476264953613, "passed": false}, "2": {"execution_time": 0.2485499382019043, "passed": false}, "3": {"execution_time": 0.23392796516418457, "passed": false}, "4": {"execution_time": 0.23708796501159668, "passed": false}, "5": {"execution_time": 0.2587599754333496, "passed": false}, "6": {"execution_time": 0.23402714729309082, "passed": false}, "7": {"execution_time": 0.24525070190429688, "passed": false}, "8": {"execution_time": 0.2315371036529541, "passed": false}, "9": {"execution_time": 0.23730683326721191, "passed": false}, "10": {"execution_time": 0.246229887008667, "passed": false}, "11": {"execution_time": 0.35126781463623047, "passed": false}, "12": {"execution_time": 0.2554631233215332, "passed": false}, "13": {"execution_time": 0.23027896881103516, "passed": false}, "14": {"execution_time": 0.23418712615966797, "passed": false}, "15": {"execution_time": 0.22831177711486816, "passed": false}, "16": {"execution_time": 0.23644113540649414, "passed": false}, "17": {"execution_time": 0.31131792068481445, "passed": false}, "18": {"execution_time": 0.25737977027893066, "passed": false}, "19": {"execution_time": 0.2627091407775879, "passed": false}, "20": {"execution_time": 0.23192596435546875, "passed": false}, "21": {"execution_time": 0.23797821998596191, "passed": false}, "22": {"execution_time": 0.23314595222473145, "passed": false}, "23": {"execution_time": 0.22884392738342285, "passed": false}}}, "check_style_score": "1/1"}