{"version": "1", "message": "ERROR: Hidden Testcases server unreachable.", "problem_id": "ads2_m2_a1_1", "user_id": "jgkr95", "score": {"sample": {"0": {"execution_time": 0.22957181930541992, "passed": false}, "1": {"execution_time": 0.23199677467346191, "passed": false}, "2": {"execution_time": 0.23749136924743652, "passed": false}, "3": {"execution_time": 0.22999119758605957, "passed": false}, "4": {"execution_time": 0.23224210739135742, "passed": false}, "5": {"execution_time": 0.2346339225769043, "passed": false}, "6": {"execution_time": 0.22939491271972656, "passed": false}, "7": {"execution_time": 0.22923898696899414, "passed": false}, "8": {"execution_time": 0.23265719413757324, "passed": false}, "9": {"execution_time": 0.2356569766998291, "passed": false}, "10": {"execution_time": 0.2281191349029541, "passed": false}, "11": {"execution_time": 0.2287139892578125, "passed": false}, "12": {"execution_time": 0.3196370601654053, "passed": false}, "13": {"execution_time": 0.23522090911865234, "passed": false}, "14": {"execution_time": 0.23142600059509277, "passed": false}, "15": {"execution_time": 0.24858784675598145, "passed": false}, "16": {"execution_time": 0.23056292533874512, "passed": false}, "17": {"execution_time": 0.30710816383361816, "passed": false}, "18": {"execution_time": 0.2995131015777588, "passed": false}, "19": {"execution_time": 0.31089305877685547, "passed": false}, "20": {"execution_time": 0.2580091953277588, "passed": false}, "21": {"execution_time": 0.3030838966369629, "passed": false}, "22": {"execution_time": 0.2678968906402588, "passed": false}, "23": {"execution_time": 0.25538110733032227, "passed": false}}}, "check_style_score": "1/1"}