{"version": "1", "message": "ERROR: Hidden Testcases server unreachable.", "problem_id": "ads2_m2_a1_1", "user_id": "jgkr95", "score": {"sample": {"0": {"execution_time": 0.32568788528442383, "passed": false}, "1": {"execution_time": 0.23482298851013184, "passed": false}, "2": {"execution_time": 0.23569703102111816, "passed": false}, "3": {"execution_time": 0.2272930145263672, "passed": false}, "4": {"execution_time": 0.23038792610168457, "passed": false}, "5": {"execution_time": 0.23738622665405273, "passed": false}, "6": {"execution_time": 0.23827409744262695, "passed": false}, "7": {"execution_time": 0.23493409156799316, "passed": false}, "8": {"execution_time": 0.23767781257629395, "passed": false}, "9": {"execution_time": 0.2401890754699707, "passed": false}, "10": {"execution_time": 0.23625898361206055, "passed": false}, "11": {"execution_time": 0.23755812644958496, "passed": false}, "12": {"execution_time": 0.23458623886108398, "passed": false}, "13": {"execution_time": 0.23610520362854004, "passed": false}, "14": {"execution_time": 0.24123716354370117, "passed": false}, "15": {"execution_time": 0.24974417686462402, "passed": false}, "16": {"execution_time": 0.24390697479248047, "passed": false}, "17": {"execution_time": 0.25195813179016113, "passed": false}, "18": {"execution_time": 0.23686909675598145, "passed": false}, "19": {"execution_time": 0.24235296249389648, "passed": false}, "20": {"execution_time": 0.23500609397888184, "passed": false}, "21": {"execution_time": 0.2309131622314453, "passed": false}, "22": {"execution_time": 0.23434686660766602, "passed": false}, "23": {"execution_time": 0.23209404945373535, "passed": false}}}, "check_style_score": "1/1"}