{"version": "1", "message": "ERROR: Hidden Testcases server unreachable.", "problem_id": "ads2_m4_a1_1", "user_id": "jgkr95", "score": {"sample": {"0": {"execution_time": 0.3093681335449219, "passed": true}, "1": {"execution_time": 0.2860410213470459, "passed": false}, "2": {"execution_time": 0.32622289657592773, "passed": false}, "3": {"execution_time": 0.35589098930358887, "passed": false}, "4": {"execution_time": 0.252913236618042, "passed": false}, "5": {"execution_time": 0.2622792720794678, "passed": false}, "6": {"execution_time": 0.2535097599029541, "passed": false}, "7": {"execution_time": 0.2530970573425293, "passed": false}, "8": {"execution_time": 0.30628228187561035, "passed": true}, "9": {"execution_time": 0.27815818786621094, "passed": true}, "10": {"execution_time": 0.34549498558044434, "passed": true}, "11": {"execution_time": 0.29291319847106934, "passed": true}, "12": {"execution_time": 0.40804100036621094, "passed": true}, "13": {"execution_time": 2.0324900150299072, "passed": false}, "14": {"execution_time": 0.3180882930755615, "passed": true}}}, "check_style_score": "1/1"}