{"version": "1", "message": "ERROR: Hidden Testcases server unreachable.", "problem_id": "ads2_m16_a1_1", "user_id": "jgkr95", "score": {"sample": {"0": {"execution_time": 0.6095409393310547, "passed": false}, "1": {"execution_time": 0.5144720077514648, "passed": false}, "2": {"execution_time": 1.8690602779388428, "passed": false}, "3": {"execution_time": 2.49674391746521, "passed": true}, "4": {"execution_time": 2.6388590335845947, "passed": false}, "5": {"execution_time": 2.644747018814087, "passed": false}, "6": {"execution_time": 2.1765120029449463, "passed": false}, "7": {"execution_time": 2.422309160232544, "passed": true}, "8": {"execution_time": 0.6999561786651611, "passed": false}, "9": {"execution_time": 2.1786880493164062, "passed": false}, "10": {"execution_time": 2.184022903442383, "passed": true}, "11": {"execution_time": 1.6126999855041504, "passed": true}, "12": {"execution_time": 2.2719249725341797, "passed": false}, "13": {"execution_time": 0.6593310832977295, "passed": true}, "14": {"execution_time": 2.6609699726104736, "passed": false}, "15": {"execution_time": 2.192692995071411, "passed": false}, "16": {"execution_time": 0.6813499927520752, "passed": true}, "17": {"execution_time": 0.6496021747589111, "passed": true}, "18": {"execution_time": 0.6299052238464355, "passed": false}, "19": {"execution_time": 0.7282447814941406, "passed": true}, "20": {"execution_time": 0.8106021881103516, "passed": true}, "21": {"execution_time": 0.6245369911193848, "passed": false}, "22": {"execution_time": 0.6500020027160645, "passed": true}, "23": {"execution_time": 0.6603817939758301, "passed": false}, "24": {"execution_time": 0.4388608932495117, "passed": true}, "25": {"execution_time": 2.3133230209350586, "passed": false}, "26": {"execution_time": 1.7290699481964111, "passed": false}, "27": {"execution_time": 2.2639217376708984, "passed": false}, "28": {"execution_time": 4.702153921127319, "passed": false}, "29": {"execution_time": 0.41957712173461914, "passed": true}}}, "check_style_score": "0/1"}