{"version": "1", "message": "ERROR: Hidden Testcases server unreachable.", "problem_id": "ads2_m16_a1_1", "user_id": "jgkr95", "score": {"sample": {"0": {"execution_time": 0.44922399520874023, "passed": true}, "1": {"execution_time": 0.4246339797973633, "passed": true}, "2": {"execution_time": 1.7017080783843994, "passed": true}, "3": {"execution_time": 2.717935085296631, "passed": true}, "4": {"execution_time": 2.0833582878112793, "passed": true}, "5": {"execution_time": 2.1530468463897705, "passed": true}, "6": {"execution_time": 2.918638229370117, "passed": true}, "7": {"execution_time": 2.7312252521514893, "passed": true}, "8": {"execution_time": 0.7566120624542236, "passed": true}, "9": {"execution_time": 2.3902430534362793, "passed": true}, "10": {"execution_time": 1.9212510585784912, "passed": true}, "11": {"execution_time": 5.308317184448242, "passed": true}, "12": {"execution_time": 3.1060450077056885, "passed": true}, "13": {"execution_time": 0.7886776924133301, "passed": true}, "14": {"execution_time": 2.867403030395508, "passed": true}, "15": {"execution_time": 2.409324884414673, "passed": true}, "16": {"execution_time": 0.7926540374755859, "passed": true}, "17": {"execution_time": 0.7588229179382324, "passed": true}, "18": {"execution_time": 0.6733341217041016, "passed": true}, "19": {"execution_time": 0.8711841106414795, "passed": true}, "20": {"execution_time": 0.8839221000671387, "passed": true}, "21": {"execution_time": 0.631187915802002, "passed": true}, "22": {"execution_time": 0.6216115951538086, "passed": true}, "23": {"execution_time": 0.6623899936676025, "passed": true}, "24": {"execution_time": 0.5639960765838623, "passed": true}, "25": {"execution_time": 2.661754846572876, "passed": true}, "26": {"execution_time": 2.0235157012939453, "passed": true}, "27": {"execution_time": 2.675809144973755, "passed": true}, "28": {"execution_time": 4.8468499183654785, "passed": true}, "29": {"execution_time": 0.40145325660705566, "passed": true}}}, "check_style_score": "0/1"}