{"version": "1", "message": "ERROR: Hidden Testcases server unreachable.", "problem_id": "ads2_m16_a1_1", "user_id": "jgkr95", "score": {"sample": {"0": {"execution_time": 0.453369140625, "passed": true}, "1": {"execution_time": 0.4850308895111084, "passed": true}, "2": {"execution_time": 1.8242840766906738, "passed": true}, "3": {"execution_time": 1.8967669010162354, "passed": true}, "4": {"execution_time": 1.8734948635101318, "passed": true}, "5": {"execution_time": 2.1359128952026367, "passed": true}, "6": {"execution_time": 1.8226780891418457, "passed": true}, "7": {"execution_time": 2.017376661300659, "passed": true}, "8": {"execution_time": 0.6173641681671143, "passed": true}, "9": {"execution_time": 1.9827418327331543, "passed": true}, "10": {"execution_time": 1.9961707592010498, "passed": true}, "11": {"execution_time": 5.160991191864014, "passed": true}, "12": {"execution_time": 2.305449962615967, "passed": true}, "13": {"execution_time": 0.4504718780517578, "passed": true}, "14": {"execution_time": 1.7635776996612549, "passed": true}, "15": {"execution_time": 2.260201930999756, "passed": true}, "16": {"execution_time": 0.817863941192627, "passed": true}, "17": {"execution_time": 0.637937068939209, "passed": true}, "18": {"execution_time": 0.6541917324066162, "passed": true}, "19": {"execution_time": 0.7430129051208496, "passed": true}, "20": {"execution_time": 0.7893288135528564, "passed": true}, "21": {"execution_time": 0.5699748992919922, "passed": true}, "22": {"execution_time": 0.6474590301513672, "passed": true}, "23": {"execution_time": 0.6260530948638916, "passed": true}, "24": {"execution_time": 0.3903350830078125, "passed": true}, "25": {"execution_time": 2.6256909370422363, "passed": true}, "26": {"execution_time": 1.7571587562561035, "passed": true}, "27": {"execution_time": 2.524554967880249, "passed": true}, "28": {"execution_time": 3.6477277278900146, "passed": true}, "29": {"execution_time": 0.3502023220062256, "passed": true}}}, "check_style_score": "0/1"}