{"version": "1", "message": "ERROR: Hidden Testcases server unreachable.", "problem_id": "ads2_m16_a1_1", "user_id": "jgkr95", "score": {"sample": {"0": {"execution_time": 0.5114240646362305, "passed": false}, "1": {"execution_time": 0.5309708118438721, "passed": false}, "2": {"execution_time": 1.7254283428192139, "passed": true}, "3": {"execution_time": 1.740142822265625, "passed": true}, "4": {"execution_time": 1.7765319347381592, "passed": true}, "5": {"execution_time": 1.7371151447296143, "passed": false}, "6": {"execution_time": 1.7609689235687256, "passed": false}, "7": {"execution_time": 2.0127041339874268, "passed": true}, "8": {"execution_time": 0.8483920097351074, "passed": false}, "9": {"execution_time": 2.2959938049316406, "passed": true}, "10": {"execution_time": 1.7762610912322998, "passed": true}, "11": {"execution_time": 1.6840310096740723, "passed": true}, "12": {"execution_time": 1.952143907546997, "passed": false}, "13": {"execution_time": 0.42374110221862793, "passed": true}, "14": {"execution_time": 1.7459180355072021, "passed": true}, "15": {"execution_time": 2.027358293533325, "passed": false}, "16": {"execution_time": 0.6559710502624512, "passed": true}, "17": {"execution_time": 0.6275720596313477, "passed": true}, "18": {"execution_time": 0.6031301021575928, "passed": true}, "19": {"execution_time": 0.6655111312866211, "passed": true}, "20": {"execution_time": 0.6758747100830078, "passed": true}, "21": {"execution_time": 0.5939741134643555, "passed": true}, "22": {"execution_time": 0.7220699787139893, "passed": true}, "23": {"execution_time": 0.7168169021606445, "passed": false}, "24": {"execution_time": 0.3990969657897949, "passed": true}, "25": {"execution_time": 2.2410130500793457, "passed": false}, "26": {"execution_time": 1.6959898471832275, "passed": false}, "27": {"execution_time": 2.1808059215545654, "passed": false}, "28": {"execution_time": 3.780567169189453, "passed": false}, "29": {"execution_time": 0.48983097076416016, "passed": true}}}, "check_style_score": "0/1"}