{"version": "1", "message": "ERROR: Hidden Testcases server unreachable.", "problem_id": "ads2_m16_a1_1", "user_id": "jgkr95", "score": {"sample": {"0": {"execution_time": 0.8156671524047852, "passed": false}, "1": {"execution_time": 0.6089599132537842, "passed": false}, "2": {"execution_time": 2.1682660579681396, "passed": false}, "3": {"execution_time": 2.352872848510742, "passed": true}, "4": {"execution_time": 3.0263988971710205, "passed": false}, "5": {"execution_time": 2.881150960922241, "passed": false}, "6": {"execution_time": 2.7915492057800293, "passed": false}, "7": {"execution_time": 3.0562727451324463, "passed": true}, "8": {"execution_time": 0.9037039279937744, "passed": false}, "9": {"execution_time": 2.8299663066864014, "passed": true}, "10": {"execution_time": 3.1191508769989014, "passed": true}, "11": {"execution_time": 2.9864919185638428, "passed": true}, "12": {"execution_time": 2.8552701473236084, "passed": false}, "13": {"execution_time": 0.6254515647888184, "passed": true}, "14": {"execution_time": 2.13818621635437, "passed": true}, "15": {"execution_time": 2.592487096786499, "passed": false}, "16": {"execution_time": 1.1203370094299316, "passed": true}, "17": {"execution_time": 0.7765257358551025, "passed": true}, "18": {"execution_time": 0.7143127918243408, "passed": true}, "19": {"execution_time": 0.7640409469604492, "passed": true}, "20": {"execution_time": 0.9076306819915771, "passed": true}, "21": {"execution_time": 0.5724761486053467, "passed": true}, "22": {"execution_time": 0.5511429309844971, "passed": true}, "23": {"execution_time": 0.6034619808197021, "passed": false}, "24": {"execution_time": 0.35440492630004883, "passed": true}, "25": {"execution_time": 2.058480739593506, "passed": false}, "26": {"execution_time": 1.5848050117492676, "passed": false}, "27": {"execution_time": 2.0176069736480713, "passed": false}, "28": {"execution_time": 3.5772461891174316, "passed": false}, "29": {"execution_time": 0.3509809970855713, "passed": true}}}, "check_style_score": "0/1"}