{"version": "1", "message": "ERROR: Hidden Testcases server unreachable.", "problem_id": "ads2_m16_a1_1", "user_id": "jgkr95", "score": {"sample": {"0": {"execution_time": 0.5965108871459961, "passed": true}, "1": {"execution_time": 0.4932289123535156, "passed": true}, "2": {"execution_time": 1.8703601360321045, "passed": true}, "3": {"execution_time": 1.851917028427124, "passed": true}, "4": {"execution_time": 1.912046194076538, "passed": true}, "5": {"execution_time": 2.152848958969116, "passed": true}, "6": {"execution_time": 2.2542920112609863, "passed": true}, "7": {"execution_time": 1.875053882598877, "passed": true}, "8": {"execution_time": 0.6007530689239502, "passed": true}, "9": {"execution_time": 1.9828181266784668, "passed": true}, "10": {"execution_time": 1.9757418632507324, "passed": true}, "11": {"execution_time": 6.726657152175903, "passed": true}, "12": {"execution_time": 2.1665899753570557, "passed": true}, "13": {"execution_time": 0.3815927505493164, "passed": true}, "14": {"execution_time": 1.6568551063537598, "passed": true}, "15": {"execution_time": 1.9391670227050781, "passed": true}, "16": {"execution_time": 0.5600759983062744, "passed": true}, "17": {"execution_time": 0.5424950122833252, "passed": true}, "18": {"execution_time": 0.5172898769378662, "passed": true}, "19": {"execution_time": 0.6775689125061035, "passed": true}, "20": {"execution_time": 0.6554760932922363, "passed": true}, "21": {"execution_time": 0.5984389781951904, "passed": true}, "22": {"execution_time": 0.8187363147735596, "passed": true}, "23": {"execution_time": 0.6042261123657227, "passed": true}, "24": {"execution_time": 0.3980851173400879, "passed": true}, "25": {"execution_time": 2.2113258838653564, "passed": true}, "26": {"execution_time": 2.7027790546417236, "passed": true}, "27": {"execution_time": 2.547301769256592, "passed": true}, "28": {"execution_time": 4.769199848175049, "passed": true}, "29": {"execution_time": 0.4222731590270996, "passed": true}}}, "check_style_score": "0/1"}