{"version": "1", "message": "ERROR: Hidden Testcases server unreachable.", "problem_id": "ads2_m16_a1_1", "user_id": "jgkr95", "score": {"sample": {"0": {"execution_time": 0.4536440372467041, "passed": false}, "1": {"execution_time": 0.43749094009399414, "passed": false}, "2": {"execution_time": 1.8463850021362305, "passed": true}, "3": {"execution_time": 1.8452470302581787, "passed": true}, "4": {"execution_time": 1.8462140560150146, "passed": true}, "5": {"execution_time": 1.9731872081756592, "passed": false}, "6": {"execution_time": 1.9248909950256348, "passed": false}, "7": {"execution_time": 1.8643031120300293, "passed": true}, "8": {"execution_time": 0.5758919715881348, "passed": false}, "9": {"execution_time": 1.894139051437378, "passed": true}, "10": {"execution_time": 1.86627197265625, "passed": true}, "11": {"execution_time": 1.6654198169708252, "passed": true}, "12": {"execution_time": 1.850579023361206, "passed": false}, "13": {"execution_time": 0.3916051387786865, "passed": true}, "14": {"execution_time": 1.8220133781433105, "passed": true}, "15": {"execution_time": 1.8565640449523926, "passed": false}, "16": {"execution_time": 0.5618112087249756, "passed": true}, "17": {"execution_time": 0.5416679382324219, "passed": true}, "18": {"execution_time": 0.5650160312652588, "passed": true}, "19": {"execution_time": 0.607860803604126, "passed": true}, "20": {"execution_time": 0.7806479930877686, "passed": true}, "21": {"execution_time": 0.6561102867126465, "passed": true}, "22": {"execution_time": 0.5664498805999756, "passed": true}, "23": {"execution_time": 0.6980030536651611, "passed": false}, "24": {"execution_time": 0.8667850494384766, "passed": true}, "25": {"execution_time": 3.0798871517181396, "passed": false}, "26": {"execution_time": 2.3157598972320557, "passed": false}, "27": {"execution_time": 3.1707329750061035, "passed": false}, "28": {"execution_time": 4.258220911026001, "passed": false}, "29": {"execution_time": 0.39087510108947754, "passed": true}}}, "check_style_score": "0/1"}